,defect_type,roc_auc
0,bottle,0.7611111111111111
1,cable,0.7000000000000001
