,defect_type,roc_auc
0,bottle,0.9976190476190476
1,cable,0.9038605697151424
2,capsule,0.8536098923015556
3,carpet,0.6540930979133226
4,grid,1.0
5,hazelnut,0.9628571428571429
6,leather,1.0
7,metal_nut,0.9858260019550342
8,pill,0.9489907255864702
9,screw,0.6376306620209059
10,tile,0.9981962481962482
11,toothbrush,0.8500000000000001
12,transistor,0.9591666666666666
13,wood,0.9947368421052631
14,zipper,1.0
